{
  "nodeCount": 190,
  "semanticEdgeCount": 320,
  "directSemanticEdgeCount": 320,
  "scaffoldEdgeCount": 0,
  "scaffoldEdgeTypes": {},
  "structuralOrExcludedEdgeCount": 265,
  "rawRelationCount": 710,
  "connectedComponents": [
    190
  ],
  "isolatedNodes": [],
  "communityCandidates": [
    {
      "resolution": 0.7,
      "count": 9,
      "modularity": 0.7822449607433346,
      "sizes": {
        "0": 25,
        "1": 34,
        "2": 20,
        "3": 7,
        "4": 27,
        "5": 12,
        "6": 27,
        "7": 24,
        "8": 14
      },
      "maxShare": 0.17894736842105263,
      "tiny": 0,
      "score": 0.7272449607433346
    },
    {
      "resolution": 0.9,
      "count": 13,
      "modularity": 0.7615604542464846,
      "sizes": {
        "0": 19,
        "1": 13,
        "2": 11,
        "3": 18,
        "4": 22,
        "5": 17,
        "6": 21,
        "7": 23,
        "8": 13,
        "9": 17,
        "10": 12,
        "11": 2,
        "12": 2
      },
      "maxShare": 0.12105263157894737,
      "tiny": 2,
      "score": 0.7255604542464845
    },
    {
      "resolution": 1.1,
      "count": 16,
      "modularity": 0.7432097936290257,
      "sizes": {
        "0": 19,
        "1": 13,
        "2": 11,
        "3": 18,
        "4": 19,
        "5": 17,
        "6": 10,
        "7": 12,
        "8": 12,
        "9": 13,
        "10": 17,
        "11": 7,
        "12": 7,
        "13": 11,
        "14": 2,
        "15": 2
      },
      "maxShare": 0.1,
      "tiny": 2,
      "score": 0.7072097936290257
    },
    {
      "resolution": 1.3,
      "count": 17,
      "modularity": 0.7256082687757786,
      "sizes": {
        "0": 9,
        "1": 16,
        "2": 13,
        "3": 11,
        "4": 18,
        "5": 20,
        "6": 15,
        "7": 10,
        "8": 12,
        "9": 14,
        "10": 13,
        "11": 10,
        "12": 7,
        "13": 7,
        "14": 11,
        "15": 2,
        "16": 2
      },
      "maxShare": 0.10526315789473684,
      "tiny": 2,
      "score": 0.6896082687757785
    }
  ],
  "selectedResolution": 0.7,
  "selectedCommunityCount": 9,
  "modularity": 0.7822449607433346,
  "communitySizes": [
    34,
    27,
    27,
    25,
    24,
    20,
    14,
    12,
    7
  ],
  "layoutQuality": {
    "standard": {
      "averageEdgeLength": 0.11886109039140184,
      "averageIntraCommunityRadius": 0.18241673332628072,
      "averageInterCommunityDistance": 0.7119610216244829,
      "separationRatio": 3.9029370203172635,
      "overlapPairs": 8
    },
    "linlog": {
      "averageEdgeLength": 0.21515292700002536,
      "averageIntraCommunityRadius": 0.23860881185418598,
      "averageInterCommunityDistance": 0.7221786525435251,
      "separationRatio": 3.026621887647842,
      "overlapPairs": 24
    }
  },
  "centralityQuantiles": {
    "q50": 0.18583365133772994,
    "q90": 0.3962936043750662,
    "q99": 0.715193055811256
  }
}